"Mass","L1","L2","L3","L4","L5","L6","L7","L8","L9"
51,3.25800789820097,3.49256421811627,NA,NA,0.886719824030795,2.36185383244207,2.23411602209945,NA,NA
51.9,0.88306274681878,NA,NA,NA,NA,NA,NA,NA,NA
52.9,0.948881088196577,NA,NA,2.04060810121416,NA,NA,NA,NA,NA
55,2.62176393154893,NA,2.80405405405405,NA,NA,NA,NA,NA,NA
62,2.40785432207108,NA,NA,NA,NA,NA,0.908149171270718,NA,NA
63,3.5706450197455,NA,NA,NA,0.842040142974979,NA,NA,NA,NA
64,2.51755155770075,NA,NA,NA,NA,NA,0.99792817679558,NA,NA
65.1,1.54124616059675,NA,NA,NA,NA,0.963680926916221,0.687154696132597,0.182871202412952,NA
73,6.02237823606845,13.0464173050924,NA,NA,NA,NA,NA,NA,NA
75,1.90324703817464,4.14601171698964,7.75900900900901,NA,2.35771240032994,NA,NA,NA,NA
76,3.68034225537516,6.84993240198288,NA,NA,1.52770140225461,2.200311942959,1.73342541436464,NA,1.54032537210107
77,6.51053093462045,NA,NA,NA,NA,4.63458110516934,NA,NA,NA
77.9,2.05682316805617,NA,2.01576576576577,2.92827262524232,NA,NA,NA,NA,NA
87,1.09148749451514,NA,NA,2.77522701765126,0.546466868298048,NA,1.63674033149171,NA,NA
88,12.4506362439667,17.0797656602073,NA,NA,NA,1.44273618538324,3.6671270718232,NA,2.90325372101073
89.1,5.54519526107942,NA,NA,NA,NA,NA,NA,2.13243108082766,NA
90,10.0098727512067,NA,NA,4.36690133659831,2.55705251580973,2.71836007130125,12.2168508287293,NA,NA
91,5.23255813953488,NA,6.9481981981982,5.91776349352107,2.17555677756393,4.37277183600713,5.59737569060773,NA,NA
92,1.37670030715226,NA,NA,NA,NA,NA,1.2707182320442,NA,NA
102,4.03137340939008,NA,5.95720720720721,4.30568309356188,2.995257080011,2.95231729055258,NA,NA,2.66528210453444
103.1,6.97125932426503,NA,NA,NA,8.52522683530382,NA,NA,5.1501844095768,NA
104.1,5.68780166739798,NA,NA,NA,2.13603244432224,NA,NA,2.2199474901544,2.74316372447214
104.9,2.16652040368583,NA,3.17567567567568,3.39761248852158,NA,NA,NA,NA,NA
116,1.20666959192628,NA,NA,NA,NA,NA,NA,NA,NA
117,4.55243527863098,NA,3.81756756756757,3.47923681257015,NA,NA,7.30317679558011,NA,3.74697127033576
118.1,15.8293111013602,NA,NA,NA,NA,NA,NA,0.921071138338438,NA
119.1,3.45546292233436,NA,NA,NA,NA,NA,NA,0.293219041070201,NA
129,6.45568231680562,15.8292023433979,NA,1.56106519742883,NA,3.33667557932264,3.59461325966851,NA,2.73018345448252
130.1,6.7847740236946,13.8463271744029,NA,NA,NA,4.98551693404635,NA,1.64093267487654,NA
131,36.8911803422554,NA,NA,NA,NA,NA,9.63052486187845,NA,11.6606092073382
132.1,9.90566037735849,6.84993240198288,NA,NA,NA,NA,8.03867403314917,1.64640245045946,NA
133.1,1.5906099166301,NA,NA,NA,3.67060764366236,NA,NA,0.153178134962806,NA
135,1.26151820974111,NA,NA,25.1606978879706,NA,23.8302139037433,NA,NA,27.7907580477674
143.1,0.981790258885476,NA,3.33333333333333,NA,NA,2.27829768270945,NA,0.74193598799775,NA
144.1,4.07525230364195,NA,NA,NA,20.7915177343965,NA,NA,NA,NA
145.1,28.4225537516455,NA,NA,NA,4.01429749793786,10.1882798573975,NA,37.3194974057636,22.2741433021807
146,3.69131197893813,NA,3.45720720720721,4.14243444546475,NA,0.841131907308378,NA,NA,1.96002076843198
147.1,2.01842913558578,NA,24.1216216216216,33.1904907662483,7.6556915039868,27.4454099821747,18.9709944751381,0.375656373069951,25.1168224299065
158.1,0.855638437911365,NA,NA,NA,NA,NA,2.52762430939227,0.48681002688004,NA
162,3.87779727950856,NA,NA,NA,NA,NA,NA,0.0249192231355879,NA
171,1.6564282580079,NA,NA,NA,NA,7.16354723707665,NA,NA,NA
173.1,100,6.54574132492113,NA,NA,NA,NA,100,0.596205538538476,NA
174.1,13.1801228609039,2.26453357368184,NA,NA,NA,NA,12.3273480662983,1.32788569731825,0.865351332641052
175,4.40434401053093,19.5583596214511,NA,NA,NA,NA,NA,NA,NA
201.1,3.97103992979377,14.3645786390266,25.3040540540541,39.200081624324,4.61403629364861,1.74353832442068,74.8342541436464,NA,59.5448251990308
203.1,17.4637999122422,100,NA,NA,NA,NA,NA,NA,NA
204,2.70403685827117,18.3528616493916,NA,NA,NA,NA,NA,NA,NA
207,1.99100482667837,10.4551599819739,77.9054054054054,72.1661054994388,20.1453808083585,74.3594028520499,58.8397790055249,NA,80.0969193492558
217.1,1.07503290917069,75.1689950428121,NA,NA,NA,NA,NA,NA,NA
246,3.34576568670469,NA,NA,NA,NA,NA,NA,NA,NA
253,1.07503290917069,2.86164939161785,25.9346846846847,31.2315069890827,8.07671157547429,25.3063725490196,18.0904696132597,NA,29.573381793008
281,1.86485300570426,NA,NA,41.0162228344047,10.8245119604069,NA,29.6512430939227,NA,45.2751817237799
327,1.02566915313734,NA,NA,NA,4.71026945284575,18.5438948306595,13.1008287292818,0.100824568669125,18.6483212184147
341,1.135366388767,NA,25.9572072072072,29.0276502397715,6.76381633214188,23.8357843137255,NA,NA,27.1547248182762
62.1,NA,2.34339792699414,NA,NA,NA,NA,NA,0.271242264174533,NA
62.9,NA,3.6390265885534,NA,NA,NA,NA,NA,NA,NA
64.1,NA,2.48986029743128,NA,NA,0.817981853175694,NA,NA,0.213516596861912,NA
73.9,NA,3.17710680486706,NA,NA,NA,NA,NA,NA,NA
77.1,NA,11.0410094637224,NA,5.88715437200286,3.01244157272477,NA,3.89848066298343,1.50360223791961,4.18397369331949
78.1,NA,2.95178008111762,NA,NA,NA,NA,NA,0.262939926236169,2.32779508480443
89,NA,5.04731861198738,6.28378378378378,3.91796755433119,6.41325268078086,NA,6.38466850828729,NA,4.88923502942195
90.1,NA,12.5506985128436,NA,NA,NA,NA,NA,5.28302181659061,4.44790584977501
90.9,NA,3.50383055430374,NA,NA,NA,NA,NA,NA,NA
102.1,NA,11.0973411446598,NA,NA,NA,NA,2.29972375690608,2.06757517034444,NA
103,NA,20.9328526363227,11.8018018018018,9.16233037445159,NA,8.43917112299465,5.37292817679558,NA,7.0699203876774
104,NA,15.592609283461,3.0518018018018,NA,NA,1.88279857397504,2.20303867403315,NA,NA
105.1,NA,2.20820189274448,NA,NA,NA,2.30614973262032,NA,0.304158592236044,NA
116.2,NA,1.74628210905813,NA,NA,NA,NA,NA,NA,NA
117.1,NA,3.42496620099144,NA,NA,2.95916964531207,NA,NA,3.03025567293868,NA
118,NA,3.61649391617846,NA,2.18345066829915,1.4056915039868,NA,5.92886740331492,NA,1.49273104880582
131.1,NA,45.4258675078864,38.963963963964,21.8447097234976,6.54557327467693,9.58110516934046,NA,14.1839094830281,NA
133,NA,2.87291572780532,NA,11.9477604326089,NA,13.998440285205,9.54419889502762,NA,14.7455867082035
135.1,NA,3.74042361424065,21.204954954955,NA,6.64524333241683,NA,16.7955801104972,NA,NA
142.9,NA,2.33213159080667,NA,NA,NA,NA,1.46754143646409,NA,NA
143.9,NA,11.1086074808472,NA,NA,NA,NA,NA,NA,1.50571131879543
145,NA,26.8476791347454,28.6824324324324,26.507499234772,NA,NA,52.0269337016575,NA,NA
146.1,NA,1.92654348805768,NA,NA,NA,NA,7.5725138121547,3.74601487778959,NA
146.9,NA,4.38260477692654,NA,NA,NA,NA,NA,NA,NA
157,NA,4.40513744930149,NA,NA,NA,3.125,NA,NA,NA
158,NA,2.92924740874268,NA,2.80583613916947,4.03148199065164,3.5650623885918,NA,NA,NA
161.9,NA,2.17440288418206,NA,NA,NA,1.21434937611408,NA,NA,NA
171.1,NA,5.63316809373592,NA,NA,2.04839153148199,NA,3.71546961325967,0.93435487903982,NA
172.1,NA,2.11807120324471,NA,NA,0.695971954907891,NA,NA,0.447935550415703,NA
175.9,NA,2.34339792699414,NA,NA,0.280107231234534,NA,NA,NA,0.969193492557979
190,NA,12.798557908968,NA,NA,NA,NA,NA,NA,NA
191.1,NA,3.08697611536728,NA,NA,NA,NA,NA,0.0483733278114647,NA
192.9,NA,2.00540784136999,NA,NA,NA,NA,9.13674033149171,NA,NA
197,NA,2.64758900405588,NA,8.12162024283236,NA,6.6232174688057,5.22790055248619,NA,6.81031498788508
199.1,NA,6.27534925642181,NA,NA,NA,NA,1.45372928176796,1.08907138838532,NA
202.1,NA,1.80261378999549,NA,NA,NA,NA,10.1899171270718,NA,8.20785739010038
204.9,NA,1.82514646237044,NA,NA,NA,NA,NA,NA,1.79560401523018
208.9,NA,2.26453357368184,NA,NA,NA,NA,NA,NA,NA
218,NA,11.0860748084723,NA,NA,NA,NA,NA,NA,NA
221.1,NA,2.0392068499324,9.06531531531532,10.2744617896133,1.86279901017322,6.38368983957219,4.3128453038674,NA,5.923329871928
246.1,NA,17.5867507886435,NA,NA,NA,NA,NA,NA,NA
247,NA,2.42226228030644,NA,NA,NA,NA,NA,NA,NA
281.1,NA,5.2388463271744,39.8198198198198,NA,NA,44.7526737967914,NA,0.246530599487404,NA
325.1,NA,2.81658404686796,NA,NA,NA,NA,NA,NA,NA
326.8,NA,2.46732762505633,NA,NA,NA,NA,NA,NA,NA
341.1,NA,3.31230283911672,NA,NA,NA,NA,19.1574585635359,0.169782810839532,NA
355.3,NA,1.74628210905813,NA,NA,NA,NA,NA,NA,NA
51.1,NA,NA,2.0045045045045,NA,NA,NA,NA,0.323986528724136,1.78262374524057
56,NA,NA,2.34234234234234,NA,1.58097332966731,NA,1.21546961325967,NA,NA
57.1,NA,NA,15.5518018018018,NA,13.8060214462469,NA,7.97651933701657,2.8896043008064,NA
59,NA,NA,5.38288288288288,NA,1.31976904041793,3.99398395721925,NA,NA,5.45171339563863
69.1,NA,NA,2.53378378378378,NA,NA,NA,NA,0.830331468400325,NA
73.1,NA,NA,100,100,25.7389331866923,100,71.4364640883978,0.461023941989123,100
74,NA,NA,9.39189189189189,NA,NA,NA,5.5835635359116,NA,NA
76.1,NA,NA,1.9481981981982,NA,NA,NA,NA,0.910912983684441,NA
76.9,NA,NA,3.84009009009009,NA,NA,NA,NA,NA,NA
80.9,NA,NA,1.90315315315315,NA,NA,1.18649732620321,NA,NA,NA
87.9,NA,NA,4.25675675675676,3.92817059483726,NA,NA,NA,NA,NA
89.9,NA,NA,6.18243243243243,NA,NA,NA,NA,NA,NA
95.9,NA,NA,5.1463963963964,4.05060708091011,NA,NA,NA,NA,5.54690204222914
114.9,NA,NA,2.34234234234234,NA,NA,NA,NA,NA,NA
115.9,NA,NA,2.71396396396396,NA,NA,NA,NA,NA,1.70474212530287
118.9,NA,NA,6.28378378378378,5.1729415365779,1.56207038768216,NA,NA,NA,NA
121,NA,NA,2.63513513513514,NA,0.41414627440198,NA,NA,NA,NA
128.9,NA,NA,4.84234234234234,NA,NA,NA,NA,NA,NA
129.9,NA,NA,3.9527027027027,NA,NA,NA,NA,NA,2.45327102803738
132,NA,NA,4.88738738738739,NA,0.860943084960132,NA,NA,NA,2.23693319487712
132.9,NA,NA,11.4414414414414,NA,NA,NA,NA,NA,NA
133.9,NA,NA,1.70045045045045,NA,NA,1.8716577540107,NA,NA,NA
136,NA,NA,3.15315315315315,NA,NA,NA,NA,NA,3.26670128071997
144,NA,NA,2.78153153153153,NA,NA,2.41198752228164,4.12983425414365,NA,NA
148,NA,NA,2.43243243243243,5.77492092643608,1.07231234533957,NA,3.43232044198895,NA,4.63395638629283
149,NA,NA,4.94369369369369,NA,0.895312070387682,3.81016042780749,3.87430939226519,NA,NA
154,NA,NA,3.31081081081081,NA,NA,3.06372549019608,NA,NA,NA
156.1,NA,NA,12.3085585585586,NA,9.08887819631564,NA,4.95165745856354,0.267725979871226,NA
156.7,NA,NA,2.97297297297297,NA,NA,NA,NA,NA,2.86863966770509
157.1,NA,NA,3.47972972972973,NA,3.79605444047292,NA,2.04074585635359,0.516112396074264,NA
157.9,NA,NA,2.08333333333333,NA,NA,NA,NA,NA,2.15472481827622
162.9,NA,NA,1.97072072072072,4.14243444546475,0.821418751718449,NA,NA,NA,NA
165.1,NA,NA,3.68243243243243,NA,NA,NA,NA,0.0111837375757955,NA
170,NA,NA,2.18468468468468,NA,1.97449821281276,NA,NA,NA,NA
177,NA,NA,4.58333333333333,NA,NA,5.00779857397504,NA,0.0239791054572732,6.07476635514019
178.9,NA,NA,3.36711711711712,NA,NA,NA,2.78314917127072,NA,NA
190.9,NA,NA,14.8310810810811,NA,NA,NA,NA,NA,NA
191.9,NA,NA,3.8963963963964,NA,NA,3.87143493761141,2.18577348066298,NA,2.35375562478366
193,NA,NA,9.56081081081081,11.5804509743904,2.90761616717074,8.099376114082,NA,NA,11.2365870543441
194,NA,NA,1.76801801801802,2.99969390878482,NA,1.66555258467023,1.2603591160221,NA,NA
195,NA,NA,5.85585585585586,NA,1.93669232884245,NA,5,NA,6.65022499134649
196.9,NA,NA,5.68693693693694,NA,NA,NA,NA,NA,NA
198.1,NA,NA,2.72522522522523,1.5712682379349,NA,NA,NA,0.0582750867350128,NA
199,NA,NA,2.01576576576577,NA,2.79076161671707,NA,NA,NA,0.930252682589131
202,NA,NA,5.22522522522523,5.42801754922967,NA,NA,NA,NA,NA
205,NA,NA,1.98198198198198,NA,NA,0.913547237076649,1.86118784530387,0.0109517604863412,NA
208,NA,NA,19.8085585585586,16.5901438628711,4.93023095958207,17.8308823529412,12.0994475138122,NA,19.6953963309103
209.1,NA,NA,11.0135135135135,NA,2.57080010998075,NA,NA,0.0549785702006626,NA
209.9,NA,NA,2.13963963963964,NA,NA,NA,NA,NA,NA
214.1,NA,NA,17.5225225225225,NA,7.04048666483365,6.97972370766488,NA,0.804350034381446,0.6576670128072
215.2,NA,NA,5.4954954954955,NA,NA,NA,NA,NA,NA
222,NA,NA,1.91441441441441,NA,NA,NA,0.776933701657459,NA,NA
223,NA,NA,4.7972972972973,NA,0.714874896893044,NA,1.8853591160221,0.0162017683003063,2.28020076150917
238.9,NA,NA,1.76801801801802,NA,0.921088809458345,NA,NA,NA,1.90377293181032
248.9,NA,NA,3.79504504504505,4.57096214671972,0.976079186142425,NA,NA,NA,NA
250.9,NA,NA,4.17792792792793,5.93816957453321,1.53629364861149,4.38948306595365,NA,NA,NA
252.1,NA,NA,1.72297297297297,NA,NA,NA,NA,NA,NA
254.1,NA,NA,8.32207207207207,9.94796449341904,NA,NA,NA,0.092973975589173,NA
255,NA,NA,5.3490990990991,5.76471788593001,NA,NA,4.18508287292818,NA,6.03582554517134
255.9,NA,NA,2.18468468468468,NA,NA,NA,NA,NA,NA
257.1,NA,NA,62.9504504504504,NA,16.2376271652461,NA,6.2085635359116,NA,4.92817583939079
258.1,NA,NA,10.5067567567568,NA,NA,0.857843137254902,0.99792817679558,NA,0.960539979231568
259.2,NA,NA,1.99324324324324,NA,NA,NA,NA,0.285893448771645,NA
265.1,NA,NA,3.04054054054054,NA,NA,NA,NA,NA,NA
266.9,NA,NA,8.65990990990991,8.09101112131415,NA,NA,NA,NA,NA
268,NA,NA,3.32207207207207,2.24466891133558,0.671913665108606,2.65708556149733,1.68162983425414,NA,2.69556940117688
268.9,NA,NA,4.5045045045045,NA,NA,7.1078431372549,NA,NA,NA
270.1,NA,NA,1.97072072072072,NA,NA,NA,NA,NA,2.08116995500173
282,NA,NA,9.81981981981982,12.7027854300582,3.70669507836129,12.7339572192513,9.06767955801105,NA,13.9927310488058
283,NA,NA,7.33108108108108,NA,2.29412977728897,7.79857397504456,6.51243093922652,NA,9.07320872274143
284,NA,NA,1.97072072072072,2.72421181512091,0.742370085235084,NA,NA,NA,2.20664589823468
311.1,NA,NA,2.02702702702703,NA,NA,NA,NA,NA,NA
312.9,NA,NA,3.75,3.64248546066728,NA,1.7156862745098,NA,NA,NA
315,NA,NA,3.18693693693694,NA,NA,3.08600713012478,2.29972375690608,NA,NA
325,NA,NA,15.4054054054054,16.6513621059076,3.25989826780313,11.5975935828877,10.2209944751381,0.0621088133712571,15.450848044306
326,NA,NA,5.13513513513514,NA,1.11011822930987,NA,3.0421270718232,0.0182895621053948,4.24887504326757
326.9,NA,NA,15.5292792792793,16.8044077134986,NA,NA,NA,NA,NA
328,NA,NA,3.73873873873874,NA,1.17026395380808,6.12188057040998,3.85013812154696,0.0296198115271613,6.81896850121149
328.8,NA,NA,4.51576576576577,NA,NA,NA,NA,NA,NA
331,NA,NA,6.44144144144144,NA,1.70985702502062,NA,NA,NA,NA
342,NA,NA,11.7004504504505,NA,2.25116854550454,8.51158645276292,5.75966850828729,NA,8.18189685012115
343,NA,NA,8.00675675675676,9.29496990103051,2.38177069012923,9.16332442067736,NA,0.0566878750703257,8.44150224991346
346.1,NA,NA,2.98423423423423,3.22416079991838,0.44164146274402,1.53743315508021,2.16850828729282,0.0247238740076264,2.76047075112496
355.1,NA,NA,6.27252252252252,NA,NA,8.099376114082,5.58701657458564,0.0544047321372757,NA
356,NA,NA,3.15315315315315,NA,0.914215012372835,NA,1.93024861878453,NA,NA
357,NA,NA,2.30855855855856,2.22426283032344,NA,NA,NA,0.017471537632056,NA
388.9,NA,NA,2.75900900900901,NA,NA,1.56528520499109,1.44337016574586,NA,1.70474212530287
401,NA,NA,1.92567567567568,NA,0.613486389881771,NA,NA,NA,NA
402.9,NA,NA,2.56756756756757,2.41812059993878,0.776739070662634,2.2225935828877,NA,NA,NA
405.1,NA,NA,7.98423423423423,7.18294051627385,NA,NA,3.29074585635359,0.0513768206538726,NA
415,NA,NA,2.1509009009009,2.27527803285379,NA,NA,1.9371546961326,NA,NA
429.1,NA,NA,6.82432432432432,NA,2.25632389331867,7.57575757575758,4.57182320441989,NA,7.8097957770855
430.2,NA,NA,2.9954954954955,NA,NA,NA,NA,NA,NA
430.9,NA,NA,4.05405405405405,NA,NA,NA,NA,NA,NA
503.3,NA,NA,1.91441441441441,NA,0.348845202089634,NA,NA,NA,NA
50.9,NA,NA,NA,1.73451688603204,NA,NA,NA,NA,NA
55.9,NA,NA,NA,1.60187735945312,NA,NA,NA,NA,NA
57,NA,NA,NA,10.6723803693501,NA,NA,NA,NA,7.47663551401869
58.9,NA,NA,NA,7.36659524538312,NA,NA,NA,NA,NA
74.1,NA,NA,NA,7.36659524538312,1.89029419851526,10.6227718360071,NA,0.0932669992811152,10.6092073381793
75.1,NA,NA,NA,7.11151923273135,NA,5.3030303030303,4.97237569060773,0.413456429330499,8.23381793007961
103.9,NA,NA,NA,4.91786552392613,NA,NA,NA,NA,NA
115.1,NA,NA,NA,1.90796857463524,1.80609018421776,NA,NA,0.201404950928299,NA
131.9,NA,NA,NA,4.28527701254974,NA,1.98306595365419,NA,NA,NA
133.8,NA,NA,NA,1.94878073665952,0.546466868298048,NA,NA,NA,NA
135.9,NA,NA,NA,2.65279053157841,NA,NA,2.09254143646409,NA,NA
137,NA,NA,NA,2.10182634425059,0.606612592796261,NA,NA,NA,NA
143,NA,NA,NA,1.59167431894705,3.81152048391531,NA,NA,NA,1.18120456905504
148.9,NA,NA,NA,4.33629221508009,NA,NA,NA,NA,NA
150.1,NA,NA,NA,2.17324762779308,NA,NA,NA,NA,NA
155,NA,NA,NA,1.70390776451383,NA,NA,NA,NA,1.71772239529249
156,NA,NA,NA,6.73400673400673,NA,6.75133689839572,NA,NA,4.74645205953617
156.9,NA,NA,NA,2.98949086827875,NA,NA,NA,NA,NA
165,NA,NA,NA,3.65268850117335,1.02935111355513,3.55949197860963,2.33770718232044,NA,3.14122533748702
176.9,NA,NA,NA,6.04019997959392,1.39881770690129,NA,NA,NA,NA
177.9,NA,NA,NA,1.9589837771656,NA,1.20320855614973,0.81146408839779,NA,NA
179,NA,NA,NA,3.25476992143659,NA,NA,NA,0.015249441301494,3.32294911734164
181,NA,NA,NA,1.66309560248954,NA,NA,NA,NA,NA
185.1,NA,NA,NA,7.43801652892562,1.92810008248556,3.25311942959002,1.06353591160221,0.24477245733575,NA
191,NA,NA,NA,13.9373533312927,3.08977178993676,10.5837789661319,9.79972375690608,NA,12.3355832467982
192.1,NA,NA,NA,3.26497296194266,NA,NA,NA,0.0147244405200975,NA
195.1,NA,NA,NA,6.35649423528211,NA,NA,NA,0.0246994553666312,NA
200.1,NA,NA,NA,14.9372513008877,19.9202639538081,NA,NA,NA,NA
203,NA,NA,NA,2.68339965309662,NA,NA,1.52624309392265,NA,1.36292834890966
209,NA,NA,NA,14.2944597490052,NA,11.7479946524064,7.82113259668508,NA,12.6730702665282
210,NA,NA,NA,2.22426283032344,1.00529282375584,NA,NA,NA,2.61336102457598
211,NA,NA,NA,2.43852668095092,NA,NA,NA,NA,1.04707511249567
213.1,NA,NA,NA,20.467299255178,40.7753643112455,39.5443404634581,NA,NA,NA
214.2,NA,NA,NA,2.31609019487807,NA,NA,NA,NA,NA
222.9,NA,NA,NA,2.28548107335986,NA,4.21680035650624,NA,NA,NA
239,NA,NA,NA,3.32619120497908,NA,1.38146167557932,1.25,NA,NA
240,NA,NA,NA,3.69350066319763,0.266359637063514,NA,NA,NA,NA
241.1,NA,NA,NA,1.65289256198347,NA,NA,NA,NA,NA
256.1,NA,NA,NA,13.4272013059892,100,NA,NA,NA,1.9730010384216
257,NA,NA,NA,4.60157126823793,NA,3.23640819964349,NA,NA,NA
264.9,NA,NA,NA,3.74451586572799,NA,4.39505347593583,NA,NA,NA
269,NA,NA,NA,5.97898173655749,1.17198240307946,NA,2.97997237569061,NA,5.05797853928695
282.9,NA,NA,NA,7.90735639220488,NA,NA,NA,NA,NA
295,NA,NA,NA,2.80583613916947,NA,1.50958110516934,NA,0.00775291851597174,1.60955347871236
296.9,NA,NA,NA,2.16304458728701,NA,NA,NA,NA,1.02976808584285
311,NA,NA,NA,2.85685134169983,NA,NA,1.53660220994475,0.0139674626492467,3.36621668397369
312.1,NA,NA,NA,2.58136924803591,1.34210888094583,NA,NA,NA,1.57926618206992
314.8,NA,NA,NA,3.25476992143659,NA,NA,NA,NA,NA
325.8,NA,NA,NA,3.91796755433119,NA,NA,NA,NA,NA
328.1,NA,NA,NA,5.84634220997857,NA,NA,NA,NA,NA
329,NA,NA,NA,6.13202734414856,1.26477866373385,3.66532976827094,NA,0.0379954053885103,3.90273451021115
331.1,NA,NA,NA,7.36659524538312,NA,5.8545008912656,4.65814917127072,NA,7.00934579439252
339,NA,NA,NA,1.56106519742883,NA,NA,NA,0.0041877969306745,NA
341.9,NA,NA,NA,10.5703499642894,NA,NA,NA,NA,NA
344,NA,NA,NA,2.05081114172023,NA,NA,NA,NA,NA
355,NA,NA,NA,9.87654320987654,1.89373109705802,NA,NA,NA,8.28141225337487
356.1,NA,NA,NA,2.43852668095092,NA,3.53721033868093,NA,0.0208901473713821,2.92921426098996
383,NA,NA,NA,1.55086215692276,NA,NA,NA,0.00640989326123648,2.24125995154033
389.1,NA,NA,NA,2.38751147842057,NA,NA,NA,0.0133814152653623,NA
399,NA,NA,NA,1.86715641261096,NA,1.49844028520499,1.64709944751381,NA,NA
406.1,NA,NA,NA,2.16304458728701,NA,NA,1.70580110497238,NA,NA
416,NA,NA,NA,1.78553208856239,NA,1.57642602495544,0.673342541436464,0.0114035053447521,NA
416.9,NA,NA,NA,1.87735945311703,NA,NA,NA,NA,NA
429,NA,NA,NA,10.5907560453015,NA,NA,NA,NA,NA
430.1,NA,NA,NA,6.17283950617284,0.795642012647787,NA,2.28591160220994,0.0355779599299869,3.03305642090689
431,NA,NA,NA,2.77522701765126,NA,NA,2.54834254143646,NA,NA
503.1,NA,NA,NA,1.99979593918988,NA,NA,NA,0.019693633962618,1.50138456213223
52,NA,NA,NA,NA,0.345408303546879,NA,NA,NA,NA
53,NA,NA,NA,NA,1.04309870772615,1.13636363636364,1.61602209944751,NA,1.61820699203877
54.1,NA,NA,NA,NA,1.19088534506461,NA,NA,0.135108340626367,NA
55.1,NA,NA,NA,NA,3.1481990651636,2.09447415329768,3.77762430939227,0.837852409826843,2.26289373485635
58.1,NA,NA,NA,NA,0.728622491064064,NA,1.45027624309392,0.21068403450647,NA
60.9,NA,NA,NA,NA,0.508660984327743,NA,NA,NA,1.47109726548979
61.9,NA,NA,NA,NA,0.501787187242233,NA,NA,NA,NA
64.9,NA,NA,NA,NA,0.836884795160847,NA,NA,NA,NA
67,NA,NA,NA,NA,0.345408303546879,0.924688057040998,NA,NA,NA
68.1,NA,NA,NA,NA,0.512097882870498,NA,NA,0.136048458304682,NA
68.9,NA,NA,NA,NA,1.07574924388232,NA,NA,NA,NA
70.1,NA,NA,NA,NA,1.60675006873797,NA,NA,0.819782615490404,0.822083766009
71,NA,NA,NA,NA,0.316194665933462,NA,NA,NA,0.765835929387331
78,NA,NA,NA,NA,1.35929337365961,NA,1.98549723756906,NA,NA
78.9,NA,NA,NA,NA,0.46913665108606,NA,NA,NA,NA
82,NA,NA,NA,NA,0.55162221611218,NA,0.524861878453039,NA,NA
83,NA,NA,NA,NA,0.403835578773715,NA,NA,NA,0.835064035998615
84,NA,NA,NA,NA,0.4966318394281,NA,NA,NA,NA
85,NA,NA,NA,NA,0.324786912290349,1.74910873440285,NA,NA,0.951886465905158
88.1,NA,NA,NA,NA,3.25646136926038,NA,NA,1.86831905982372,NA
92.1,NA,NA,NA,NA,2.44535331317019,NA,NA,0.18643632399825,NA
92.9,NA,NA,NA,NA,0.379777288974429,NA,NA,NA,NA
96,NA,NA,NA,NA,1.64627440197965,8.14950980392157,4.09185082872928,NA,NA
97.1,NA,NA,NA,NA,0.543029969755293,NA,NA,0.0235029419578671,0.800449982692973
101.1,NA,NA,NA,NA,1.02075886719824,NA,NA,0.198450295367881,NA
105,NA,NA,NA,NA,1.07574924388232,NA,1.76450276243094,NA,2.16770508826584
106.1,NA,NA,NA,NA,0.402117129502337,NA,NA,0.0540994991248359,NA
107,NA,NA,NA,NA,0.302447071762442,NA,NA,NA,0.718241606092073
110,NA,NA,NA,NA,0.677069012922738,NA,NA,NA,NA
112.1,NA,NA,NA,NA,0.297291723948309,NA,NA,0.193175868912921,NA
114,NA,NA,NA,NA,1.04997250481166,NA,NA,NA,NA
116.1,NA,NA,NA,NA,2.21851800934836,1.21434937611408,1.96823204419889,0.524219384884666,NA
119.7,NA,NA,NA,NA,0.264641187792136,NA,NA,NA,NA
120.1,NA,NA,NA,NA,0.379777288974429,NA,NA,NA,NA
125.1,NA,NA,NA,NA,0.264641187792136,NA,NA,NA,NA
127.1,NA,NA,NA,NA,0.357437448446522,NA,NA,0.0700570810151903,NA
128.1,NA,NA,NA,NA,0.756117679406104,NA,NA,0.254442239169844,NA
129.1,NA,NA,NA,NA,3.01587847126753,NA,NA,2.13008689129212,NA
130,NA,NA,NA,NA,3.93181193291174,NA,2.14779005524862,NA,NA
136.1,NA,NA,NA,NA,1.00185592521309,2.84647950089127,NA,NA,NA
140.9,NA,NA,NA,NA,0.257767390706626,NA,NA,NA,NA
142,NA,NA,NA,NA,0.596301897167996,NA,NA,NA,NA
153.1,NA,NA,NA,NA,0.579117404454221,0.841131907308378,0.81146408839779,0.00993838688504094,0.956213222568363
154.1,NA,NA,NA,NA,1.05856475116855,NA,NA,0.0488494913108708,2.76479750778816
155.2,NA,NA,NA,NA,0.625515534781413,NA,NA,NA,NA
159,NA,NA,NA,NA,1.21838053340665,NA,2.54488950276243,NA,NA
160.9,NA,NA,NA,NA,0.43476766565851,NA,NA,NA,NA
163.9,NA,NA,NA,NA,0.259485839978004,NA,NA,0.00340640041882853,NA
165.7,NA,NA,NA,NA,0.297291723948309,NA,0.921961325966851,NA,NA
167,NA,NA,NA,NA,0.257767390706626,NA,0.68024861878453,NA,NA
167.9,NA,NA,NA,NA,0.360874346989277,NA,NA,NA,NA
169,NA,NA,NA,NA,0.666758317294473,NA,NA,NA,NA
172.9,NA,NA,NA,NA,0.264641187792136,NA,NA,NA,NA
178,NA,NA,NA,NA,0.338534506461369,NA,NA,0.00680059151715947,1.71772239529249
179.1,NA,NA,NA,NA,0.95889469342865,3.06929590017825,NA,NA,NA
180.9,NA,NA,NA,NA,0.792205114105032,1.34803921568627,1.56767955801105,NA,1.78262374524057
182,NA,NA,NA,NA,0.292136376134176,NA,NA,0.0107442020378821,NA
183,NA,NA,NA,NA,0.463981303271927,NA,NA,NA,NA
184.1,NA,NA,NA,NA,0.802515809733297,NA,NA,0.0659913772894918,NA
186,NA,NA,NA,NA,0.795642012647787,NA,NA,NA,NA
187.2,NA,NA,NA,NA,0.501787187242233,NA,NA,NA,NA
191.8,NA,NA,NA,NA,0.536156172669783,NA,NA,NA,NA
192.2,NA,NA,NA,NA,0.721748693978554,NA,NA,NA,NA
193.9,NA,NA,NA,NA,0.553340665383558,NA,NA,0.00986513096205539,3.09363101419176
196,NA,NA,NA,NA,0.654729172394831,NA,0.925414364640884,NA,1.58359293873313
197.1,NA,NA,NA,NA,2.54502337091009,NA,NA,0.0641721885353504,NA
198,NA,NA,NA,NA,0.905622766015947,NA,0.86671270718232,NA,NA
202.2,NA,NA,NA,NA,0.460544404729172,NA,NA,16.4405826092392,NA
204.8,NA,NA,NA,NA,0.273233434149024,NA,NA,NA,NA
211.1,NA,NA,NA,NA,0.51037943359912,1.94407308377897,NA,NA,NA
212.1,NA,NA,NA,NA,2.60860599395106,NA,NA,0.0524390315371632,NA
215.1,NA,NA,NA,NA,0.647855375309321,NA,NA,0.166620596830656,NA
225,NA,NA,NA,NA,0.408990926587847,NA,NA,0.00991396824404576,NA
226.1,NA,NA,NA,NA,0.295573274676932,NA,NA,0.0316465587297618,NA
227.1,NA,NA,NA,NA,0.642700027495188,NA,NA,NA,NA
228,NA,NA,NA,NA,0.338534506461369,NA,NA,NA,NA
236.8,NA,NA,NA,NA,0.391806433874072,NA,NA,NA,NA
238,NA,NA,NA,NA,0.297291723948309,NA,NA,NA,NA
249.8,NA,NA,NA,NA,0.273233434149024,NA,NA,NA,NA
252,NA,NA,NA,NA,0.364311245532032,1.4093137254902,NA,0.00660524238919797,NA
254,NA,NA,NA,NA,3.86307396205664,7.35294117647059,5.45234806629834,NA,7.43769470404984
255.1,NA,NA,NA,NA,7.32059389606819,3.26983065953654,NA,0.0746111575607926,NA
258.2,NA,NA,NA,NA,1.71501237283475,NA,NA,2.74035756704382,NA
265,NA,NA,NA,NA,0.807671157547429,NA,2.42058011049724,0.0182773527848972,4.71183800623053
267,NA,NA,NA,NA,1.53457519934012,8.00467914438503,4.9482044198895,0.0449791367131337,8.53236413984078
270,NA,NA,NA,NA,0.371185042617542,NA,1.17403314917127,NA,NA
271.1,NA,NA,NA,NA,0.45538905691504,NA,NA,NA,NA
284.8,NA,NA,NA,NA,0.500068737970855,NA,NA,NA,NA
294.9,NA,NA,NA,NA,0.53100082485565,NA,1.49861878453039,NA,NA
295.9,NA,NA,NA,NA,0.354000549903767,NA,NA,NA,0.826410522672205
297.1,NA,NA,NA,NA,1.97449821281276,NA,0.673342541436464,NA,NA
298,NA,NA,NA,NA,0.335097607918614,NA,1.01174033149171,NA,NA
310.9,NA,NA,NA,NA,0.927962606543855,2.71836007130125,NA,NA,NA
313,NA,NA,NA,NA,0.563651361011823,NA,1.12223756906077,NA,2.11578400830737
314.9,NA,NA,NA,NA,0.682224360736871,NA,NA,NA,NA
329.9,NA,NA,NA,NA,0.276670332691779,NA,NA,NA,1.63118726202838
331.9,NA,NA,NA,NA,0.484602694528458,NA,NA,NA,2.0552094150225
333.1,NA,NA,NA,NA,0.341971405004124,NA,NA,0.0100726894105145,NA
344.1,NA,NA,NA,NA,0.53100082485565,2.95231729055258,1.50552486187845,0.0158476980058761,2.42731048805815
345,NA,NA,NA,NA,0.582554302996976,1.16421568627451,1.1878453038674,0.00930350221916609,1.13793700242298
347.1,NA,NA,NA,NA,0.311039318119329,NA,NA,NA,NA
357.1,NA,NA,NA,NA,0.604894143524883,NA,NA,NA,NA
377,NA,NA,NA,NA,0.343689854275502,NA,NA,NA,1.3153340256144
382.9,NA,NA,NA,NA,0.288699477591422,NA,0.908149171270718,NA,NA
384.8,NA,NA,NA,NA,0.331660709375859,1.10294117647059,NA,NA,NA
386.9,NA,NA,NA,NA,0.321350013747594,NA,NA,NA,NA
389,NA,NA,NA,NA,0.359155897717899,NA,NA,NA,NA
399.1,NA,NA,NA,NA,0.575680505911466,NA,NA,0.0175936308370319,NA
404,NA,NA,NA,NA,0.321350013747594,1.24220142602496,NA,NA,NA
405,NA,NA,NA,NA,1.57925488039593,4.70142602495544,NA,NA,6.55070958809277
406,NA,NA,NA,NA,0.685661259279626,NA,NA,NA,1.35860159224645
406.9,NA,NA,NA,NA,0.302447071762442,NA,NA,NA,0.74852890273451
414.9,NA,NA,NA,NA,0.750962331591971,NA,NA,NA,2.03357563170647
416.1,NA,NA,NA,NA,0.266359637063514,NA,NA,NA,NA
417.2,NA,NA,NA,NA,0.276670332691779,NA,NA,0.0106221088329062,NA
431.1,NA,NA,NA,NA,0.816263403904317,NA,NA,NA,NA
451,NA,NA,NA,NA,0.350563651361012,NA,NA,NA,NA
479.1,NA,NA,NA,NA,0.331660709375859,NA,0.770027624309392,0.0114523426267425,NA
57.2,NA,NA,NA,NA,NA,5.13591800356506,NA,NA,NA
61,NA,NA,NA,NA,NA,0.969251336898396,NA,NA,NA
69,NA,NA,NA,NA,NA,1.61541889483066,1.58839779005525,NA,1.36725510557286
69.9,NA,NA,NA,NA,NA,0.919117647058824,NA,NA,NA
77.8,NA,NA,NA,NA,NA,1.3424688057041,NA,NA,NA
82.9,NA,NA,NA,NA,NA,1.10294117647059,NA,NA,NA
86.9,NA,NA,NA,NA,NA,2.39527629233512,NA,NA,2.04655590169609
88.9,NA,NA,NA,NA,NA,1.99420677361854,NA,NA,NA
106.9,NA,NA,NA,NA,NA,0.991532976827094,NA,NA,NA
115,NA,NA,NA,NA,NA,1.65998217468806,2.80386740331492,NA,3.49601938386985
116.9,NA,NA,NA,NA,NA,2.80748663101604,NA,NA,NA
117.8,NA,NA,NA,NA,NA,1.30347593582888,NA,NA,NA
118.8,NA,NA,NA,NA,NA,5.23618538324421,NA,NA,NA
125,NA,NA,NA,NA,NA,1.14750445632799,NA,NA,NA
136.9,NA,NA,NA,NA,NA,1.46501782531194,1.13604972375691,NA,NA
148.1,NA,NA,NA,NA,NA,4.8629679144385,NA,0.03794656810652,NA
151,NA,NA,NA,NA,NA,0.907976827094474,NA,NA,NA
152,NA,NA,NA,NA,NA,1.03052584670232,0.842541436464088,NA,0.886985115957079
155.1,NA,NA,NA,NA,NA,1.58756684491979,NA,0.139528114646496,NA
158.8,NA,NA,NA,NA,NA,1.01381461675579,NA,NA,NA
160.8,NA,NA,NA,NA,NA,1.49286987522282,NA,NA,NA
163,NA,NA,NA,NA,NA,3.13057040998217,2.36878453038674,0.0162017683003063,3.93302180685358
166.2,NA,NA,NA,NA,NA,1.11408199643494,NA,NA,NA
172,NA,NA,NA,NA,NA,1.08622994652406,2.29972375690608,NA,NA
176,NA,NA,NA,NA,NA,0.846702317290553,1.06353591160221,NA,NA
185.9,NA,NA,NA,NA,NA,1.87722816399287,1.18439226519337,NA,NA
189,NA,NA,NA,NA,NA,1.20877896613191,NA,NA,NA
194.9,NA,NA,NA,NA,NA,5.37544563279857,NA,NA,NA
195.9,NA,NA,NA,NA,NA,1.2533422459893,NA,NA,NA
197.9,NA,NA,NA,NA,NA,2.11675579322638,NA,NA,1.7263759086189
210.1,NA,NA,NA,NA,NA,1.62098930481283,1.97513812154696,0.0295343462836782,NA
215,NA,NA,NA,NA,NA,1.3870320855615,NA,NA,NA
222.1,NA,NA,NA,NA,NA,1.86051693404635,NA,0.00568954335187848,1.17255105572863
224.9,NA,NA,NA,NA,NA,1.20877896613191,0.759668508287293,NA,NA
226,NA,NA,NA,NA,NA,2.36185383244207,NA,NA,NA
237,NA,NA,NA,NA,NA,2.02762923351159,1.03245856353591,NA,2.08549671166494
237.9,NA,NA,NA,NA,NA,1.08065953654189,NA,NA,NA
249,NA,NA,NA,NA,NA,4.89639037433155,NA,0.0212320083453147,4.46521287642783
250,NA,NA,NA,NA,NA,1.00267379679144,NA,NA,1.52734510211146
256,NA,NA,NA,NA,NA,4.1165329768271,3.06629834254144,NA,NA
265.8,NA,NA,NA,NA,NA,1.08622994652406,NA,NA,NA
269.9,NA,NA,NA,NA,NA,1.41488413547237,NA,NA,NA
271,NA,NA,NA,NA,NA,1.10851158645276,1.74723756906077,NA,1.95136725510557
283.9,NA,NA,NA,NA,NA,2.18917112299465,NA,NA,NA
284.9,NA,NA,NA,NA,NA,1.94407308377897,0.790745856353591,NA,NA
298.2,NA,NA,NA,NA,NA,5.16934046345811,NA,0.802396543101832,NA
299.1,NA,NA,NA,NA,NA,0.835561497326203,NA,NA,NA
301.1,NA,NA,NA,NA,NA,5.69852941176471,NA,NA,NA
302.2,NA,NA,NA,NA,NA,1.45944741532977,NA,0.00438314605863599,NA
314,NA,NA,NA,NA,NA,1.09737076648841,NA,NA,0.696607822776047
316,NA,NA,NA,NA,NA,1.23106060606061,NA,NA,NA
323,NA,NA,NA,NA,NA,1.04166666666667,NA,NA,NA
325.9,NA,NA,NA,NA,NA,6.55637254901961,NA,NA,NA
330,NA,NA,NA,NA,NA,1.14750445632799,NA,NA,NA
332.1,NA,NA,NA,NA,NA,1.43159536541889,NA,0.0236372444833406,NA
357.2,NA,NA,NA,NA,NA,3.45922459893048,NA,NA,2.02492211838006
358,NA,NA,NA,NA,NA,1.13079322638146,NA,0.0030889580858911,NA
377.1,NA,NA,NA,NA,NA,1.00267379679144,NA,0.0102192012564856,NA
382.8,NA,NA,NA,NA,NA,1.13079322638146,NA,NA,NA
387,NA,NA,NA,NA,NA,1.53186274509804,NA,NA,1.76531671858775
401.1,NA,NA,NA,NA,NA,3.19741532976827,NA,0.0118308315621679,NA
402.1,NA,NA,NA,NA,NA,0.924688057040998,0.645718232044199,NA,NA
406.2,NA,NA,NA,NA,NA,1.56528520499109,NA,0.0212197990248172,NA
407.1,NA,NA,NA,NA,NA,0.946969696969697,NA,NA,NA
415.1,NA,NA,NA,NA,NA,3.11385918003565,NA,0.0259936433393761,NA
416.8,NA,NA,NA,NA,NA,0.896836007130125,NA,NA,NA
430,NA,NA,NA,NA,NA,3.24197860962567,NA,NA,NA
431.2,NA,NA,NA,NA,NA,2.07776292335116,NA,0.0259203874163906,3.43977154724818
451.1,NA,NA,NA,NA,NA,1.12522281639929,NA,0.00488372819903732,NA
503,NA,NA,NA,NA,NA,0.991532976827094,0.683701657458564,NA,NA
59.1,NA,NA,NA,NA,NA,NA,4.05041436464088,0.039057616271801,NA
60,NA,NA,NA,NA,NA,NA,0.600828729281768,0.00410233168719135,NA
63.1,NA,NA,NA,NA,NA,NA,1.63674033149171,0.470889072951178,NA
67.1,NA,NA,NA,NA,NA,NA,0.593922651933702,0.110982723323123,NA
70,NA,NA,NA,NA,NA,NA,1.9371546961326,NA,NA
71.2,NA,NA,NA,NA,NA,NA,1.13259668508287,NA,NA
71.8,NA,NA,NA,NA,NA,NA,0.766574585635359,NA,NA
81.1,NA,NA,NA,NA,NA,NA,0.728591160220994,0.0174227003500656,NA
84.9,NA,NA,NA,NA,NA,NA,0.687154696132597,NA,NA
86.1,NA,NA,NA,NA,NA,NA,3.52209944751381,NA,NA
98,NA,NA,NA,NA,NA,NA,0.593922651933702,NA,NA
100,NA,NA,NA,NA,NA,NA,1.17403314917127,NA,NA
106.8,NA,NA,NA,NA,NA,NA,0.656077348066298,NA,NA
119,NA,NA,NA,NA,NA,NA,4.92058011049724,NA,5.87573554863275
119.9,NA,NA,NA,NA,NA,NA,0.676795580110497,NA,NA
120.9,NA,NA,NA,NA,NA,NA,0.683701657458564,NA,0.874004845967463
124.9,NA,NA,NA,NA,NA,NA,0.773480662983425,0.00667849831218353,NA
128,NA,NA,NA,NA,NA,NA,0.839088397790055,NA,NA
134.1,NA,NA,NA,NA,NA,NA,2.35497237569061,0.0178866545289742,NA
149.9,NA,NA,NA,NA,NA,NA,1.02209944751381,NA,NA
153.9,NA,NA,NA,NA,NA,NA,1.77140883977901,NA,NA
160,NA,NA,NA,NA,NA,NA,0.94267955801105,NA,NA
161,NA,NA,NA,NA,NA,NA,1.33632596685083,NA,NA
170.1,NA,NA,NA,NA,NA,NA,0.600828729281768,0.181808991529662,NA
175.1,NA,NA,NA,NA,NA,NA,6.09461325966851,0.358270300681378,NA
177.1,NA,NA,NA,NA,NA,NA,4.08494475138122,NA,NA
187,NA,NA,NA,NA,NA,NA,1.52969613259669,NA,0.683627552786431
187.7,NA,NA,NA,NA,NA,NA,0.562845303867403,NA,NA
188.2,NA,NA,NA,NA,NA,NA,0.538674033149171,NA,NA
189.2,NA,NA,NA,NA,NA,NA,0.662983425414365,NA,NA
200.2,NA,NA,NA,NA,NA,NA,1.46754143646409,NA,NA
206.1,NA,NA,NA,NA,NA,NA,0.631906077348066,NA,NA
210.9,NA,NA,NA,NA,NA,NA,0.593922651933702,NA,NA
213,NA,NA,NA,NA,NA,NA,1.13259668508287,NA,1.54897888542748
214,NA,NA,NA,NA,NA,NA,1.02555248618785,NA,NA
230.1,NA,NA,NA,NA,NA,NA,1.26726519337017,NA,NA
231,NA,NA,NA,NA,NA,NA,0.652624309392265,NA,NA
249.1,NA,NA,NA,NA,NA,NA,2.90745856353591,NA,NA
249.9,NA,NA,NA,NA,NA,NA,1.2707182320442,NA,NA
251,NA,NA,NA,NA,NA,NA,3.04558011049724,NA,5.57286258220838
251.9,NA,NA,NA,NA,NA,NA,1.2707182320442,NA,1.69608861197646
265.9,NA,NA,NA,NA,NA,NA,1.04281767955801,NA,NA
284.1,NA,NA,NA,NA,NA,NA,1.36395027624309,NA,NA
286.2,NA,NA,NA,NA,NA,NA,2.28591160220994,NA,21.5342679127726
287,NA,NA,NA,NA,NA,NA,0.652624309392265,NA,NA
316.1,NA,NA,NA,NA,NA,NA,0.583563535911602,NA,1.22447213568709
322.8,NA,NA,NA,NA,NA,NA,0.535220994475138,NA,NA
329.1,NA,NA,NA,NA,NA,NA,3.41160220994475,NA,NA
330.1,NA,NA,NA,NA,NA,NA,2.05801104972376,NA,NA
332,NA,NA,NA,NA,NA,NA,1.33977900552486,NA,NA
333,NA,NA,NA,NA,NA,NA,1.25690607734807,NA,NA
338.9,NA,NA,NA,NA,NA,NA,1.06698895027624,NA,0.731221876081689
343.1,NA,NA,NA,NA,NA,NA,6.1982044198895,NA,NA
346.9,NA,NA,NA,NA,NA,NA,0.531767955801105,NA,NA
356.9,NA,NA,NA,NA,NA,NA,1.21201657458564,NA,NA
376.9,NA,NA,NA,NA,NA,NA,0.808011049723757,NA,NA
387.1,NA,NA,NA,NA,NA,NA,0.69060773480663,0.00622675345377258,NA
400.9,NA,NA,NA,NA,NA,NA,1.29488950276243,NA,2.86431291104188
403,NA,NA,NA,NA,NA,NA,1.49516574585635,NA,4.14503288335064
403.9,NA,NA,NA,NA,NA,NA,0.725138121546961,NA,0.917272412599515
406.8,NA,NA,NA,NA,NA,NA,0.528314917127072,NA,NA
417,NA,NA,NA,NA,NA,NA,1.2810773480663,NA,NA
50.1,NA,NA,NA,NA,NA,NA,NA,0.109248999812465,NA
52.1,NA,NA,NA,NA,NA,NA,NA,0.129797286209914,NA
53.1,NA,NA,NA,NA,NA,NA,NA,0.267335281615303,NA
56.1,NA,NA,NA,NA,NA,NA,NA,0.413358754766519,1.87781239183108
61.1,NA,NA,NA,NA,NA,NA,NA,0.0226727081640308,NA
66.1,NA,NA,NA,NA,NA,NA,NA,0.0578965977995874,NA
71.1,NA,NA,NA,NA,NA,NA,NA,0.360321466524973,NA
72.1,NA,NA,NA,NA,NA,NA,NA,0.0975280521347753,0.943232952578747
79.1,NA,NA,NA,NA,NA,NA,NA,0.035993076826905,NA
80.1,NA,NA,NA,NA,NA,NA,NA,0.0201697974620241,NA
82.1,NA,NA,NA,NA,NA,NA,NA,0.0731216204600863,NA
83.1,NA,NA,NA,NA,NA,NA,NA,0.149442082890542,NA
84.1,NA,NA,NA,NA,NA,NA,NA,0.519042632993686,NA
85.1,NA,NA,NA,NA,NA,NA,NA,0.537405451022067,NA
86.2,NA,NA,NA,NA,NA,NA,NA,1.46043008064012,NA
87.1,NA,NA,NA,NA,NA,NA,NA,0.269679471150841,NA
91.1,NA,NA,NA,NA,NA,NA,NA,0.766256954428955,6.39061959155417
93.1,NA,NA,NA,NA,NA,NA,NA,0.0235395699193599,NA
93.8,NA,NA,NA,NA,NA,NA,NA,0.0157622327623929,NA
95.1,NA,NA,NA,NA,NA,NA,NA,0.0181064222979309,NA
96.1,NA,NA,NA,NA,NA,NA,NA,0.0569686894417703,NA
98.1,NA,NA,NA,NA,NA,NA,NA,0.0515843791023317,NA
99,NA,NA,NA,NA,NA,NA,NA,0.0417558761017691,NA
100.1,NA,NA,NA,NA,NA,NA,NA,0.0860268722260424,NA
107.3,NA,NA,NA,NA,NA,NA,NA,0.0256762010064387,NA
109.2,NA,NA,NA,NA,NA,NA,NA,0.00306453944489592,NA
110.1,NA,NA,NA,NA,NA,NA,NA,0.0121116459336126,NA
113.9,NA,NA,NA,NA,NA,NA,NA,0.091472229167969,NA
120.2,NA,NA,NA,NA,NA,NA,NA,0.0258593408139026,NA
122.1,NA,NA,NA,NA,NA,NA,NA,0.0834629149215478,NA
124.2,NA,NA,NA,NA,NA,NA,NA,0.00269825982996812,NA
126,NA,NA,NA,NA,NA,NA,NA,0.0106709461148965,NA
135.2,NA,NA,NA,NA,NA,NA,NA,0.111898422360443,NA
137.1,NA,NA,NA,NA,NA,NA,NA,0.0078383837594549,0.91294565593631
139.1,NA,NA,NA,NA,NA,NA,NA,0.00717908045258486,NA
140.1,NA,NA,NA,NA,NA,NA,NA,0.0199011924110771,NA
141.1,NA,NA,NA,NA,NA,NA,NA,0.029180275989248,NA
142.1,NA,NA,NA,NA,NA,NA,NA,0.156218255766706,NA
144.2,NA,NA,NA,NA,NA,NA,NA,1.76595611677189,NA
149.2,NA,NA,NA,NA,NA,NA,NA,0.0190587492967431,NA
151.1,NA,NA,NA,NA,NA,NA,NA,0.00227093361255235,NA
152.1,NA,NA,NA,NA,NA,NA,NA,0.0106587367943989,NA
159.1,NA,NA,NA,NA,NA,NA,NA,0.299763236856911,NA
160.1,NA,NA,NA,NA,NA,NA,NA,0.101203057604551,NA
161.1,NA,NA,NA,NA,NA,NA,NA,0.111190281771582,NA
166,NA,NA,NA,NA,NA,NA,NA,0.00852210570732012,NA
167.1,NA,NA,NA,NA,NA,NA,NA,0.00940117678314684,NA
168.1,NA,NA,NA,NA,NA,NA,NA,0.0367256360567606,NA
169.1,NA,NA,NA,NA,NA,NA,NA,0.0947565363818216,NA
176.1,NA,NA,NA,NA,NA,NA,NA,0.0364570310058136,NA
180.1,NA,NA,NA,NA,NA,NA,NA,0.00587268315934238,NA
181.1,NA,NA,NA,NA,NA,NA,NA,0.0105732715509158,NA
183.1,NA,NA,NA,NA,NA,NA,NA,0.0324767925235982,NA
186.1,NA,NA,NA,NA,NA,NA,NA,0.349772613615053,NA
187.1,NA,NA,NA,NA,NA,NA,NA,0.11520714821529,NA
188.1,NA,NA,NA,NA,NA,NA,NA,0.0831088446271176,NA
189.1,NA,NA,NA,NA,NA,NA,NA,0.0209389846533725,NA
190.2,NA,NA,NA,NA,NA,NA,NA,0.0063732652997437,NA
193.1,NA,NA,NA,NA,NA,NA,NA,0.0367500546977558,NA
196.1,NA,NA,NA,NA,NA,NA,NA,0.0165802572357317,NA
201.2,NA,NA,NA,NA,NA,NA,NA,100,NA
203.2,NA,NA,NA,NA,NA,NA,NA,1.37340204413328,NA
204.2,NA,NA,NA,NA,NA,NA,NA,0.0839879157029443,NA
207.1,NA,NA,NA,NA,NA,NA,NA,0.343228417828343,NA
208.1,NA,NA,NA,NA,NA,NA,NA,0.0720960375382884,NA
211.2,NA,NA,NA,NA,NA,NA,NA,0.0244430596361818,NA
213.2,NA,NA,NA,NA,NA,NA,NA,0.250144558354692,NA
216.1,NA,NA,NA,NA,NA,NA,NA,0.10105654575858,NA
217.2,NA,NA,NA,NA,NA,NA,NA,0.0681646363380634,NA
218.2,NA,NA,NA,NA,NA,NA,NA,0.723963868225292,NA
219.2,NA,NA,NA,NA,NA,NA,NA,0.115280404138276,NA
220.1,NA,NA,NA,NA,NA,NA,NA,0.0119040874851535,NA
221.2,NA,NA,NA,NA,NA,NA,NA,0.0230878250609489,NA
224.1,NA,NA,NA,NA,NA,NA,NA,0.0100971080515097,NA
227.2,NA,NA,NA,NA,NA,NA,NA,0.0432820411639682,NA
228.2,NA,NA,NA,NA,NA,NA,NA,0.130383333593799,NA
229.2,NA,NA,NA,NA,NA,NA,NA,0.249656185534788,NA
230.2,NA,NA,NA,NA,NA,NA,NA,0.563289210476964,NA
231.2,NA,NA,NA,NA,NA,NA,NA,0.253758517221979,NA
232.2,NA,NA,NA,NA,NA,NA,NA,0.0397413382196662,NA
233.2,NA,NA,NA,NA,NA,NA,NA,0.00461512314809027,NA
235,NA,NA,NA,NA,NA,NA,NA,0.00415116896918172,NA
235.9,NA,NA,NA,NA,NA,NA,NA,0.00197790992061011,NA
236.9,NA,NA,NA,NA,NA,NA,NA,0.00695931268362818,NA
238.1,NA,NA,NA,NA,NA,NA,NA,0.00697152200412577,NA
239.1,NA,NA,NA,NA,NA,NA,NA,0.0253221307120085,NA
240.1,NA,NA,NA,NA,NA,NA,NA,0.24731199599925,NA
241.2,NA,NA,NA,NA,NA,NA,NA,0.0622675345377258,NA
242.2,NA,NA,NA,NA,NA,NA,NA,0.170930486966306,NA
243.2,NA,NA,NA,NA,NA,NA,NA,0.11546354394574,NA
244.2,NA,NA,NA,NA,NA,NA,NA,0.0351262150715759,NA
245.2,NA,NA,NA,NA,NA,NA,NA,0.0134668805088454,NA
250.1,NA,NA,NA,NA,NA,NA,NA,0.00575058995436644,NA
251.1,NA,NA,NA,NA,NA,NA,NA,0.0206093329999375,NA
253.1,NA,NA,NA,NA,NA,NA,NA,0.163458382821779,NA
257.2,NA,NA,NA,NA,NA,NA,NA,16.2968056510596,NA
260.1,NA,NA,NA,NA,NA,NA,NA,0.020413983871976,NA
261,NA,NA,NA,NA,NA,NA,NA,0.00368721479027318,NA
263.1,NA,NA,NA,NA,NA,NA,NA,0.00316221400887666,NA
266.1,NA,NA,NA,NA,NA,NA,NA,0.0113058307807714,NA
268.1,NA,NA,NA,NA,NA,NA,NA,0.0415605269738076,NA
269.2,NA,NA,NA,NA,NA,NA,NA,0.0502047258861036,NA
270.2,NA,NA,NA,NA,NA,NA,NA,0.423419234856536,NA
271.2,NA,NA,NA,NA,NA,NA,NA,0.127685073763831,NA
272.2,NA,NA,NA,NA,NA,NA,NA,0.136597877727074,NA
273.2,NA,NA,NA,NA,NA,NA,NA,0.209804963430643,NA
274.2,NA,NA,NA,NA,NA,NA,NA,1.49735106582484,NA
275.2,NA,NA,NA,NA,NA,NA,NA,0.251609676814403,NA
276.2,NA,NA,NA,NA,NA,NA,NA,0.0254198052759892,NA
277,NA,NA,NA,NA,NA,NA,NA,0.00302791148340314,NA
277.3,NA,NA,NA,NA,NA,NA,NA,0.00250291070200663,NA
279.2,NA,NA,NA,NA,NA,NA,NA,0.00233198021504032,NA
282.1,NA,NA,NA,NA,NA,NA,NA,0.0750384837782084,NA
283.1,NA,NA,NA,NA,NA,NA,NA,0.0463099526473714,NA
284.2,NA,NA,NA,NA,NA,NA,NA,0.21595846096143,NA
286.3,NA,NA,NA,NA,NA,NA,NA,61.9366131149591,NA
287.2,NA,NA,NA,NA,NA,NA,NA,13.3650059386135,6.86656282450675
288.2,NA,NA,NA,NA,NA,NA,NA,1.49061152091017,NA
289.2,NA,NA,NA,NA,NA,NA,NA,0.117160639494905,NA
290.2,NA,NA,NA,NA,NA,NA,NA,0.00451744858410952,NA
296.2,NA,NA,NA,NA,NA,NA,NA,0.00818024473338751,NA
297.2,NA,NA,NA,NA,NA,NA,NA,0.0262622483903232,NA
299.2,NA,NA,NA,NA,NA,NA,NA,0.155229300806401,NA
300.2,NA,NA,NA,NA,NA,NA,NA,0.0241134079827468,NA
301.2,NA,NA,NA,NA,NA,NA,NA,0.0203773559104832,NA
312.2,NA,NA,NA,NA,NA,NA,NA,0.0486053049009189,NA
313.2,NA,NA,NA,NA,NA,NA,NA,0.0573105504157029,NA
314.2,NA,NA,NA,NA,NA,NA,NA,0.0905199021691567,NA
315.2,NA,NA,NA,NA,NA,NA,NA,0.344791210852035,NA
316.2,NA,NA,NA,NA,NA,NA,NA,0.0609367186034881,NA
317.1,NA,NA,NA,NA,NA,NA,NA,0.00745989482402951,NA
323.1,NA,NA,NA,NA,NA,NA,NA,0.00374826139276114,NA
324,NA,NA,NA,NA,NA,NA,NA,0.00297907420141276,NA
330.2,NA,NA,NA,NA,NA,NA,NA,0.252488747890229,NA
331.2,NA,NA,NA,NA,NA,NA,NA,0.117465872507345,NA
342.1,NA,NA,NA,NA,NA,NA,NA,0.0614128821028943,NA
347.2,NA,NA,NA,NA,NA,NA,NA,0.00776512783646934,NA
348,NA,NA,NA,NA,NA,NA,NA,0.00333314449584297,NA
368.9,NA,NA,NA,NA,NA,NA,NA,0.00299128352191036,NA
373,NA,NA,NA,NA,NA,NA,NA,0.00350407498280928,NA
374.9,NA,NA,NA,NA,NA,NA,NA,0.00240523613802588,NA
378.1,NA,NA,NA,NA,NA,NA,NA,0.00410233168719135,NA
379,NA,NA,NA,NA,NA,NA,NA,0.00228314293304995,NA
383.9,NA,NA,NA,NA,NA,NA,NA,0.00321105129086704,NA
385.1,NA,NA,NA,NA,NA,NA,NA,0.00733780161905357,NA
388,NA,NA,NA,NA,NA,NA,NA,0.00332093517534538,NA
389.9,NA,NA,NA,NA,NA,NA,NA,0.00587268315934238,NA
391,NA,NA,NA,NA,NA,NA,NA,0.00490814684003251,NA
392.2,NA,NA,NA,NA,NA,NA,NA,0.00229535225354754,NA
398.2,NA,NA,NA,NA,NA,NA,NA,0.00189244467712696,NA
400,NA,NA,NA,NA,NA,NA,NA,0.00611686956929424,NA
402,NA,NA,NA,NA,NA,NA,NA,0.00484710023754454,NA
403.1,NA,NA,NA,NA,NA,NA,NA,0.0244552689566794,NA
404.1,NA,NA,NA,NA,NA,NA,NA,0.00842443114333938,NA
407.2,NA,NA,NA,NA,NA,NA,NA,0.00949885134712759,NA
408.1,NA,NA,NA,NA,NA,NA,NA,0.00357733090579484,NA
413.1,NA,NA,NA,NA,NA,NA,NA,0.00388256391823467,NA
418.1,NA,NA,NA,NA,NA,NA,NA,0.00554303150590736,NA
419.1,NA,NA,NA,NA,NA,NA,NA,0.00241744545852347,NA
420,NA,NA,NA,NA,NA,NA,NA,0.00196570060011252,NA
429.2,NA,NA,NA,NA,NA,NA,NA,0.0860268722260424,NA
432.1,NA,NA,NA,NA,NA,NA,NA,0.00945001406513721,NA
433.3,NA,NA,NA,NA,NA,NA,NA,0.00201453788210289,NA
435,NA,NA,NA,NA,NA,NA,NA,0.00262500390698256,NA
452.1,NA,NA,NA,NA,NA,NA,NA,0.00294244623991998,NA
455,NA,NA,NA,NA,NA,NA,NA,0.00229535225354754,NA
460.9,NA,NA,NA,NA,NA,NA,NA,0.00249070138150903,NA
463.1,NA,NA,NA,NA,NA,NA,NA,0.00325988857285741,NA
465,NA,NA,NA,NA,NA,NA,NA,0.0045540765456023,NA
466.2,NA,NA,NA,NA,NA,NA,NA,0.00269825982996812,NA
467.1,NA,NA,NA,NA,NA,NA,NA,0.0034552377008189,NA
470.1,NA,NA,NA,NA,NA,NA,NA,0.00379709867475152,NA
471,NA,NA,NA,NA,NA,NA,NA,0.0021854683690692,NA
475.1,NA,NA,NA,NA,NA,NA,NA,0.00190465399762455,NA
477.1,NA,NA,NA,NA,NA,NA,NA,0.00633663733825092,NA
478,NA,NA,NA,NA,NA,NA,NA,0.00244186409951866,NA
480.2,NA,NA,NA,NA,NA,NA,NA,0.00621454413327499,NA
487.1,NA,NA,NA,NA,NA,NA,NA,0.00239302681752829,NA
489.2,NA,NA,NA,NA,NA,NA,NA,0.00252732934300181,NA
491.2,NA,NA,NA,NA,NA,NA,NA,0.00435872741764081,NA
492.1,NA,NA,NA,NA,NA,NA,NA,0.00216104972807401,NA
504.2,NA,NA,NA,NA,NA,NA,NA,0.0104267597049447,NA
505.2,NA,NA,NA,NA,NA,NA,NA,0.00835117522035382,NA
506.2,NA,NA,NA,NA,NA,NA,NA,0.00445640198162155,NA
529.1,NA,NA,NA,NA,NA,NA,NA,0.00289360895792961,NA
58,NA,NA,NA,NA,NA,NA,NA,NA,0.744202146071305
59.9,NA,NA,NA,NA,NA,NA,NA,NA,0.882658359293873
63.8,NA,NA,NA,NA,NA,NA,NA,NA,0.670647282796816
65,NA,NA,NA,NA,NA,NA,NA,NA,1.38456213222568
81,NA,NA,NA,NA,NA,NA,NA,NA,0.861024575977847
84.2,NA,NA,NA,NA,NA,NA,NA,NA,0.982173762547594
86,NA,NA,NA,NA,NA,NA,NA,NA,3.32294911734164
91.9,NA,NA,NA,NA,NA,NA,NA,NA,1.05140186915888
96.8,NA,NA,NA,NA,NA,NA,NA,NA,0.921599169262721
101,NA,NA,NA,NA,NA,NA,NA,NA,0.687954309449637
125.3,NA,NA,NA,NA,NA,NA,NA,NA,1.02111457251644
126.9,NA,NA,NA,NA,NA,NA,NA,NA,0.925925925925926
134,NA,NA,NA,NA,NA,NA,NA,NA,2.17203184492904
149.1,NA,NA,NA,NA,NA,NA,NA,NA,5.13153340256144
150,NA,NA,NA,NA,NA,NA,NA,NA,1.67012807199723
158.5,NA,NA,NA,NA,NA,NA,NA,NA,1.22014537902388
160.7,NA,NA,NA,NA,NA,NA,NA,NA,1.79993077189339
164,NA,NA,NA,NA,NA,NA,NA,NA,0.74852890273451
165.6,NA,NA,NA,NA,NA,NA,NA,NA,1.29370024229837
173,NA,NA,NA,NA,NA,NA,NA,NA,1.33264105226722
174.9,NA,NA,NA,NA,NA,NA,NA,NA,0.865351332641052
184.9,NA,NA,NA,NA,NA,NA,NA,NA,0.74852890273451
186.3,NA,NA,NA,NA,NA,NA,NA,NA,0.731221876081689
188.9,NA,NA,NA,NA,NA,NA,NA,NA,0.951886465905158
189.9,NA,NA,NA,NA,NA,NA,NA,NA,0.670647282796816
199.9,NA,NA,NA,NA,NA,NA,NA,NA,1.54897888542748
206,NA,NA,NA,NA,NA,NA,NA,NA,0.74852890273451
223.9,NA,NA,NA,NA,NA,NA,NA,NA,0.778816199376947
239.9,NA,NA,NA,NA,NA,NA,NA,NA,0.679300796123226
241,NA,NA,NA,NA,NA,NA,NA,NA,0.744202146071305
263,NA,NA,NA,NA,NA,NA,NA,NA,0.761509172724126
266,NA,NA,NA,NA,NA,NA,NA,NA,1.34562132225684
285,NA,NA,NA,NA,NA,NA,NA,NA,1.21149186569747
300.9,NA,NA,NA,NA,NA,NA,NA,NA,0.700934579439252
315.1,NA,NA,NA,NA,NA,NA,NA,NA,2.57442021460713
322.9,NA,NA,NA,NA,NA,NA,NA,NA,0.951886465905158
332.9,NA,NA,NA,NA,NA,NA,NA,NA,0.9865005192108
347,NA,NA,NA,NA,NA,NA,NA,NA,1.46677050882658
384,NA,NA,NA,NA,NA,NA,NA,NA,0.787469712703358
384.9,NA,NA,NA,NA,NA,NA,NA,NA,1.14659051574939
398.9,NA,NA,NA,NA,NA,NA,NA,NA,3.02440290758048
399.9,NA,NA,NA,NA,NA,NA,NA,NA,1.09034267912773
401.9,NA,NA,NA,NA,NA,NA,NA,NA,1.01246105919003
415.9,NA,NA,NA,NA,NA,NA,NA,NA,0.899965385946694
417.1,NA,NA,NA,NA,NA,NA,NA,NA,1.24610591900312
432,NA,NA,NA,NA,NA,NA,NA,NA,1.06438213914849
480.1,NA,NA,NA,NA,NA,NA,NA,NA,0.735548632744894
